{
    "XCUUSDm": {
        "winsor_limits": {
            "ret_1": {
                "lower": -0.0018971522969535137,
                "upper": 0.001885383760652806
            },
            "ret_3": {
                "lower": -0.0032193672015625894,
                "upper": 0.0032665685716872835
            },
            "ret_6": {
                "lower": -0.0044968341432597425,
                "upper": 0.004579530215495783
            },
            "ret_12": {
                "lower": -0.006258698270570162,
                "upper": 0.006381492989941143
            },
            "ret_36": {
                "lower": -0.010878965172605143,
                "upper": 0.010797761203729644
            },
            "vol_12": {
                "lower": 0.0,
                "upper": 0.001784737944082772
            },
            "vol_72": {
                "lower": 0.0,
                "upper": 0.0015761074968682
            },
            "vol_ratio_12_72": {
                "lower": 0.0,
                "upper": 2.514279800754051
            },
            "norm_ret_3": {
                "lower": -3.973488310240599,
                "upper": 4.025904816615192
            },
            "norm_ret_12": {
                "lower": -9.62852614980065,
                "upper": 10.75237867481305
            },
            "dist_ema_20": {
                "lower": -0.0038508044904046546,
                "upper": 0.003927940863627767
            },
            "dist_ema_60": {
                "lower": -0.006936799465895962,
                "upper": 0.006778680951414496
            },
            "ema_cross": {
                "lower": -0.004146966576603628,
                "upper": 0.003935014782443445
            },
            "body_ratio": {
                "lower": 0.01298806882844032,
                "upper": 0.9999999987498432
            },
            "hl_range_12": {
                "lower": 0.00013970396931349695,
                "upper": 0.0104428585453437
            },
            "hl_range_288": {
                "lower": 0.001722124927026594,
                "upper": 0.04699235178185994
            },
            "ret_48": {
                "lower": -0.012738688525201214,
                "upper": 0.01221411115233676
            },
            "vol_48": {
                "lower": 0.0,
                "upper": 0.0016097121244563395
            },
            "norm_ret_48": {
                "lower": -14.63929794157962,
                "upper": 15.182932616034668
            },
            "rsi_14": {
                "lower": 2.971833517989272,
                "upper": 84.61791859728302
            },
            "rsi_mom": {
                "lower": -23.516876540255765,
                "upper": 24.47717791934257
            },
            "pmacd": {
                "lower": -0.0020641434254264567,
                "upper": 0.002051899627198655
            },
            "pmacd_signal": {
                "lower": -0.0019502888877472764,
                "upper": 0.00192863026006953
            },
            "pmacd_hist": {
                "lower": -0.0006038608675647763,
                "upper": 0.0006075084944709313
            },
            "bollinger_b": {
                "lower": -0.17003778788756016,
                "upper": 1.1864106920143227
            },
            "gk_vol_12": {
                "lower": 8.315747193698491e-05,
                "upper": 0.001482595170260808
            },
            "gk_vol_288": {
                "lower": 0.00028668848446193146,
                "upper": 0.0012948723822980522
            },
            "gk_vol_ratio": {
                "lower": 0.1637759800464806,
                "upper": 2.0700862350886173
            },
            "vol_z_12": {
                "lower": -2.1514724834149,
                "upper": 2.8732427024226324
            },
            "vol_z_72": {
                "lower": -2.1182066645783797,
                "upper": 5.424719606490843
            },
            "vol_z_288": {
                "lower": -1.379391216411892,
                "upper": 2.754625339439967
            },
            "vol_accel": {
                "lower": -2.6925193023449356,
                "upper": 2.339899982920873
            },
            "vol_accel_med": {
                "lower": -3.2825503996405967,
                "upper": 1.9234741410929388
            },
            "dist_vwap_288": {
                "lower": -0.016571982177244333,
                "upper": 0.026211074329185905
            },
            "hour_sin": {
                "lower": -1.0,
                "upper": 1.0
            },
            "hour_cos": {
                "lower": -1.0,
                "upper": 1.0
            },
            "day_sin": {
                "lower": -0.7818314824680299,
                "upper": 0.9749279121818236
            },
            "day_cos": {
                "lower": -0.9009688679024191,
                "upper": 1.0
            },
            "lead_ret_lag0": {
                "lower": -0.0021737638971820626,
                "upper": 0.0020584872452793323
            },
            "lead_ret_lag1": {
                "lower": -0.0021737638971820626,
                "upper": 0.0020584872452793323
            },
            "lead_ret_lag2": {
                "lower": -0.0021737638971820626,
                "upper": 0.0020584872452793323
            },
            "lead_ret_lag3": {
                "lower": -0.0021737638971820626,
                "upper": 0.0020584872452793323
            },
            "lead_ret_lag6": {
                "lower": -0.0021737638971820626,
                "upper": 0.0020584872452793323
            },
            "lead_ret_lag12": {
                "lower": -0.0021737638971820626,
                "upper": 0.0020584872452793323
            },
            "lead_target_vol_ratio": {
                "lower": 0.0,
                "upper": 135087.1390885744
            },
            "norm_ret_spread_12": {
                "lower": -12.025489407187402,
                "upper": 13.31347678725559
            },
            "norm_ret_spread_36": {
                "lower": -18.12244621598971,
                "upper": 19.733288312032823
            },
            "ratio_zscore_144": {
                "lower": -3.0791341624143302,
                "upper": 3.1565173748178843
            },
            "ratio_zscore_432": {
                "lower": -2.956999905968744,
                "upper": 3.0428182350091006
            },
            "vol_spread_z": {
                "lower": -2.690837903257368,
                "upper": 3.3188785334464725
            },
            "lead_ret_48": {
                "lower": -0.01522346780584149,
                "upper": 0.013613280357265304
            },
            "lead_vol_48": {
                "lower": 0.00015577819414983488,
                "upper": 0.002394632548101892
            },
            "lead_norm_ret_48": {
                "lower": -15.268568852223906,
                "upper": 16.756073139132514
            },
            "lead_rsi_14": {
                "lower": 20.624864565822765,
                "upper": 79.87955500356986
            },
            "lead_rsi_mom": {
                "lower": -21.799067720376247,
                "upper": 21.12411200864077
            },
            "rsi_diff_14": {
                "lower": -47.24821503384729,
                "upper": 42.59661058033306
            },
            "lead_pmacd": {
                "lower": -0.0026398029288410055,
                "upper": 0.002253307612536122
            },
            "lead_pmacd_hist": {
                "lower": -0.0007395327112878639,
                "upper": 0.0007077401355222609
            },
            "lead_bollinger_b": {
                "lower": -0.19448531016723802,
                "upper": 1.1855992677822753
            },
            "pmacd_diff": {
                "lower": -0.0026413779476560316,